{"cameraMode":{"drawMode":0,"name":"Shaded","section":"Shading Mode"},"sceneLighting":false,"audioPlay":false,"sceneViewState":{"showFog":true,"showMaterialUpdate":false,"showSkybox":false,"showFlares":true,"showImageEffects":true,"showParticleSystems":true,"showVisualEffectGraphs":true,"m_FxEnabled":true},"in2DMode":false,"pivot":{"x":0.040637530386447909,"y":-0.02341330051422119,"z":-0.010789245367050171},"rotation":{"x":0.249960258603096,"y":0.413025826215744,"z":-0.11899090558290482,"w":0.8676277995109558},"size":0.17320801317691804,"orthographic":false}