{"cameraMode":{"drawMode":0,"name":"Shaded","section":"Shading Mode"},"sceneLighting":false,"audioPlay":false,"sceneViewState":{"showFog":true,"showMaterialUpdate":false,"showSkybox":false,"showFlares":true,"showImageEffects":true,"showParticleSystems":true,"showVisualEffectGraphs":true,"m_FxEnabled":true},"in2DMode":false,"pivot":{"x":0.04243874549865723,"y":-0.31185007095336916,"z":1.187347173690796},"rotation":{"x":0.21820595860481263,"y":0.20320720970630647,"z":-0.04650774598121643,"w":0.9533833861351013},"size":1.4995718002319337,"orthographic":false}