{"cameraMode":{"drawMode":0,"name":"Shaded","section":"Shading Mode"},"sceneLighting":false,"audioPlay":false,"sceneViewState":{"showFog":true,"showMaterialUpdate":false,"showSkybox":false,"showFlares":true,"showImageEffects":true,"showParticleSystems":true,"showVisualEffectGraphs":true,"m_FxEnabled":true},"in2DMode":false,"pivot":{"x":0.011603429913520813,"y":0.01900028996169567,"z":0.06352829933166504},"rotation":{"x":0.03700035437941551,"y":0.16117899119853974,"z":-0.0060470872558653358,"w":0.9862138032913208},"size":0.17320507764816285,"orthographic":false}