{"cameraMode":{"drawMode":0,"name":"Shaded","section":"Shading Mode"},"sceneLighting":false,"audioPlay":false,"sceneViewState":{"showFog":true,"showMaterialUpdate":false,"showSkybox":false,"showFlares":true,"showImageEffects":true,"showParticleSystems":true,"showVisualEffectGraphs":true,"m_FxEnabled":true},"in2DMode":false,"pivot":{"x":7.450580596923828e-9,"y":0.011386791244149208,"z":-7.450580596923828e-9},"rotation":{"x":0.11225036531686783,"y":0.014904702082276345,"z":-0.0016839124727994204,"w":0.9935688376426697},"size":0.07774221897125244,"orthographic":true}