{"cameraMode":{"drawMode":0,"name":"Shaded","section":"Shading Mode"},"sceneLighting":false,"audioPlay":false,"sceneViewState":{"showFog":true,"showMaterialUpdate":false,"showSkybox":false,"showFlares":true,"showImageEffects":true,"showParticleSystems":true,"showVisualEffectGraphs":true,"m_FxEnabled":true},"in2DMode":false,"pivot":{"x":-0.044117167592048648,"y":-0.06951361894607544,"z":0.04830488562583923},"rotation":{"x":0.24781154096126557,"y":0.1806585043668747,"z":-0.04709284380078316,"w":0.9506531953811646},"size":0.2992706894874573,"orthographic":false}