{"cameraMode":{"drawMode":0,"name":"Shaded","section":"Shading Mode"},"sceneLighting":false,"audioPlay":false,"sceneViewState":{"showFog":true,"showMaterialUpdate":false,"showSkybox":false,"showFlares":true,"showImageEffects":true,"showParticleSystems":true,"showVisualEffectGraphs":true,"m_FxEnabled":true},"in2DMode":false,"pivot":{"x":-0.1345503032207489,"y":-0.17846393585205079,"z":0.09972989559173584},"rotation":{"x":0.24309779703617097,"y":-0.38600510358810427,"z":0.10620710998773575,"w":0.8835300803184509},"size":0.30000001192092898,"orthographic":false}