{"cameraMode":{"drawMode":0,"name":"Shaded","section":"Shading Mode"},"sceneLighting":false,"audioPlay":false,"sceneViewState":{"m_AlwaysRefresh":false,"showFog":true,"showSkybox":false,"showFlares":true,"showImageEffects":true,"showParticleSystems":true,"showVisualEffectGraphs":true,"m_FxEnabled":true},"in2DMode":false,"pivot":{"x":-0.04152969270944595,"y":0.21639999747276307,"z":-0.04900000989437103},"rotation":{"x":0.18019530177116395,"y":0.4814421832561493,"z":-0.10186108201742172,"w":0.8516852855682373},"size":0.07557286322116852,"orthographic":false}